<?xml version="1.0" encoding="UTF-8"?>
<beans xmlns="http://www.springframework.org/schema/beans"
       xmlns:xsi="http://www.w3.org/2001/XMLSchema-instance"
       xmlns:context="http://www.springframework.org/schema/context"
       xmlns:aop="http://www.springframework.org/schema/aop"
       xmlns:tx="http://www.springframework.org/schema/tx"
       xsi:schemaLocation="http://www.springframework.org/schema/beans
   http://www.springframework.org/schema/beans/spring-beans.xsd
   http://www.springframework.org/schema/context
   http://www.springframework.org/schema/context/spring-context.xsd
   http://www.springframework.org/schema/aop
   https://www.springframework.org/schema/aop/spring-aop.xsd
   http://www.springframework.org/schema/tx
   https://www.springframework.org/schema/tx/spring-tx.xsd">

    <!--1.扫描service相关的bean -->
    <context:component-scan base-package="com.Yohann.service"/>

    <!--2.BookServiceImpl注入到IOC容器中-->
    <bean id="BookServiceImpl" class="com.Yohann.service.BookServiceImpl">
        <property name="bookMapper" ref="bookMapper"/>
    </bean>

    <!--3.配置事务管理器 -->
    <bean id="transactionManager" class="org.springframework.jdbc.datasource.DataSourceTransactionManager">
        <!-- 注入数据库连接池(数据源) -->
        <property name="dataSource" ref="dataSource"/>
    </bean>

    <!--4.aop事务支持-->

    <!--结合AOP实现事务的植入-->
    <!--配置事务通知-->
    <tx:advice id="txAdvice" transaction-manager="transactionManager">
        <!--给哪些方法配置事务-->
        <!--配置事务的传播特性：new-->
        <tx:attributes>
            <tx:method name="*" propagation="REQUIRED"/>
        </tx:attributes>
    </tx:advice>

    <!--配置事务切入-->
    <aop:config>
        <aop:pointcut id="txPointCut" expression="execution(* com.Yohann.dao.*.*(..))"/>
        <aop:advisor advice-ref="txAdvice" pointcut-ref="txPointCut"/>
    </aop:config>

</beans>